Station,lat,lon,elevation_m,type
WS01,1.300666,103.771232,34.200001,Ground
WS02,1.299491,103.770585,71.802000,Roof-3axis
WS03,1.299327,103.771021,54.200001,Ground
WS04,1.298865,103.770776,46.400002,Ground
WS05,1.298231,103.770744,42.152000,Ground
WS06,1.298318,103.770400,51.122000,Roof
WS07,1.299241,103.772722,43.799999,Ground
WS08,1.301106,103.773258,19.799999,Ground
WS09,1.299708,103.774591,29.552000,Ground
WS10,1.297254,103.772713,47.657155,Ground
WS11,1.296539,103.772434,41.299999,Ground
WS12,1.294852,103.771604,50.702000,Roof
WS13,1.293858,103.771407,35.900002,Ground
WS14,1.293221,103.770067,17.362000,Ground
WS15,1.294882,103.773067,45.500000,Ground
WS16,1.292540,103.774307,60.752000,Roof-3axis
WS17,1.292331,103.774516,24.156826,Ground
WS18,1.295540,103.774697,34.722000,Ground
WS19,1.294400,103.776050,57.542000,Roof
WS20,1.292916,103.779062,36.052000,Ground
WS21,1.291430,103.780905,45.602000,Ground
WS22,1.291023,103.780849,35.552000,Ground
WS23,1.290103,103.780996,20.900000,Ground
WS24,1.291511,103.782631,64.052000,Roof
WS25,1.297994,103.777999,21.392000,Ground
WS26,1.298145,103.777511,20.152000,Ground
WS27,1.298542,103.779833,22.272000,Ground
WS28,1.298142,103.780752,21.764730,Ground
WS29,1.296541,103.779131,32.600000,Ground
WS30,1.295731,103.779872,36.968507,Ground
WS31,1.296682,103.780151,25.602000,Ground
WS32,1.295868,103.781614,35.599998,Ground
WS33,1.294699,103.781134,54.799999,Ground
WS34,1.294775,103.778003,70.290330,Ground
WS35,1.308340,103.773164,84.242000,Roof-3axis
WS36,1.306099,103.773288,22.932000,Ground
WS37,1.305505,103.773191,35.732000,Roof
WS38,1.305473,103.773064,23.299999,Ground
WS39,1.304246,103.772124,14.640036,Ground
WS40,1.303316,103.773848,15.500000,Ground
